{
  "help.steampowered.com": {
    "23.210.138.105": {
      "first_seen": 1759394735.7692678,
      "last_seen": 1759396756.302198,
      "success": 2,
      "fail": 0,
      "reachable_success": 2,
      "reachable_fail": 0
    },
    "1.1.1.1": {
      "first_seen": 1759397354.9555953,
      "last_seen": 1759397354.9555953,
      "success": 0,
      "fail": 1,
      "reachable_success": 0,
      "reachable_fail": 1
    }
  },
  "steamcommunity.com": {
    "23.210.138.105": {
      "first_seen": 1759394736.2968326,
      "last_seen": 1759396754.695963,
      "success": 2,
      "fail": 0,
      "reachable_success": 2,
      "reachable_fail": 0
    },
    "1.1.1.1": {
      "first_seen": 1759397354.9501293,
      "last_seen": 1759397354.9501293,
      "success": 0,
      "fail": 1,
      "reachable_success": 0,
      "reachable_fail": 1
    }
  },
  "store.steampowered.com": {
    "23.78.8.100": {
      "first_seen": 1759394736.8775933,
      "last_seen": 1759396757.3553896,
      "success": 2,
      "fail": 0,
      "reachable_success": 2,
      "reachable_fail": 0
    },
    "104.99.49.179": {
      "first_seen": 1759397354.9695866,
      "last_seen": 1759397354.9695866,
      "success": 1,
      "fail": 0,
      "reachable_success": 1,
      "reachable_fail": 0
    }
  },
  "api.steampowered.com": {
    "23.210.138.105": {
      "first_seen": 1759394737.422437,
      "last_seen": 1759396755.2157207,
      "success": 2,
      "fail": 0,
      "reachable_success": 2,
      "reachable_fail": 0
    },
    "104.68.104.163": {
      "first_seen": 1759397354.9624238,
      "last_seen": 1759397354.9624238,
      "success": 1,
      "fail": 0,
      "reachable_success": 1,
      "reachable_fail": 0
    }
  },
  "epicgames.com": {
    "34.192.41.153": {
      "first_seen": 1759394737.926905,
      "last_seen": 1759394737.926905,
      "success": 1,
      "fail": 0,
      "reachable_success": 1,
      "reachable_fail": 0
    },
    "35.169.179.193": {
      "first_seen": 1759396758.437493,
      "last_seen": 1759396758.437493,
      "success": 1,
      "fail": 0,
      "reachable_success": 1,
      "reachable_fail": 0
    },
    "1.1.1.1": {
      "first_seen": 1759397354.9714713,
      "last_seen": 1759397354.9714713,
      "success": 0,
      "fail": 1,
      "reachable_success": 0,
      "reachable_fail": 1
    }
  },
  "launcher-public-service-prod06.ol.epicgames.com": {
    "104.18.12.27": {
      "first_seen": 1759394738.3384144,
      "last_seen": 1759396754.2515533,
      "success": 2,
      "fail": 0,
      "reachable_success": 2,
      "reachable_fail": 0
    },
    "1.1.1.1": {
      "first_seen": 1759397354.9479163,
      "last_seen": 1759397354.9479163,
      "success": 0,
      "fail": 1,
      "reachable_success": 0,
      "reachable_fail": 1
    }
  },
  "steamstore-a.akamaihd.net": {
    "23.32.45.36": {
      "first_seen": 1759394738.8064206,
      "last_seen": 1759396756.7977343,
      "success": 2,
      "fail": 0,
      "reachable_success": 2,
      "reachable_fail": 0
    },
    "1.1.1.1": {
      "first_seen": 1759397354.964536,
      "last_seen": 1759397354.964536,
      "success": 0,
      "fail": 1,
      "reachable_success": 0,
      "reachable_fail": 1
    }
  },
  "steamuserimages-a.akamaihd.net": {
    "23.32.45.35": {
      "first_seen": 1759394739.3571484,
      "last_seen": 1759396757.9092143,
      "success": 2,
      "fail": 0,
      "reachable_success": 2,
      "reachable_fail": 0
    },
    "23.67.33.85": {
      "first_seen": 1759397354.9536617,
      "last_seen": 1759397354.9536617,
      "success": 1,
      "fail": 0,
      "reachable_success": 1,
      "reachable_fail": 0
    }
  },
  "steamcdn-a.akamaihd.net": {
    "23.201.34.174": {
      "first_seen": 1759394739.8907487,
      "last_seen": 1759394739.8907487,
      "success": 1,
      "fail": 0,
      "reachable_success": 1,
      "reachable_fail": 0
    },
    "23.54.76.44": {
      "first_seen": 1759396755.7580774,
      "last_seen": 1759396755.7580774,
      "success": 1,
      "fail": 0,
      "reachable_success": 1,
      "reachable_fail": 0
    },
    "104.79.0.49": {
      "first_seen": 1759397354.9588661,
      "last_seen": 1759397354.9588661,
      "success": 1,
      "fail": 0,
      "reachable_success": 1,
      "reachable_fail": 0
    }
  },
  "unrealengine.com": {
    "3.227.133.49": {
      "first_seen": 1759394740.418598,
      "last_seen": 1759396758.957067,
      "success": 2,
      "fail": 0,
      "reachable_success": 2,
      "reachable_fail": 0
    },
    "1.1.1.1": {
      "first_seen": 1759397354.966533,
      "last_seen": 1759397354.966533,
      "success": 0,
      "fail": 1,
      "reachable_success": 0,
      "reachable_fail": 1
    }
  },
  "easyanticheat.net": {
    "104.18.2.180": {
      "first_seen": 1759394740.8591957,
      "last_seen": 1759396759.4164886,
      "success": 2,
      "fail": 0,
      "reachable_success": 2,
      "reachable_fail": 0
    },
    "104.18.3.180": {
      "first_seen": 1759397354.975171,
      "last_seen": 1759397354.975171,
      "success": 1,
      "fail": 0,
      "reachable_success": 1,
      "reachable_fail": 0
    }
  },
  "origin.com": {
    "23.61.23.194": {
      "first_seen": 1759394741.3116949,
      "last_seen": 1759396759.8867862,
      "success": 2,
      "fail": 0,
      "reachable_success": 2,
      "reachable_fail": 0
    },
    "1.1.1.1": {
      "first_seen": 1759397354.9771924,
      "last_seen": 1759397354.9771924,
      "success": 0,
      "fail": 1,
      "reachable_success": 0,
      "reachable_fail": 1
    }
  },
  "ea.com": {
    "184.31.100.194": {
      "first_seen": 1759394741.8746684,
      "last_seen": 1759396761.483353,
      "success": 2,
      "fail": 0,
      "reachable_success": 2,
      "reachable_fail": 0
    },
    "104.107.106.198": {
      "first_seen": 1759397354.9806273,
      "last_seen": 1759397354.9806273,
      "success": 1,
      "fail": 0,
      "reachable_success": 1,
      "reachable_fail": 0
    }
  },
  "eaassets-a.akamaihd.net": {
    "23.32.45.25": {
      "first_seen": 1759394742.3846078,
      "last_seen": 1759396760.4254963,
      "success": 2,
      "fail": 0,
      "reachable_success": 2,
      "reachable_fail": 0
    },
    "1.1.1.1": {
      "first_seen": 1759397354.9824774,
      "last_seen": 1759397354.9824774,
      "success": 0,
      "fail": 1,
      "reachable_success": 0,
      "reachable_fail": 1
    }
  },
  "ubisoft.com": {
    "99.84.215.34": {
      "first_seen": 1759394742.844262,
      "last_seen": 1759394742.844262,
      "success": 1,
      "fail": 0,
      "reachable_success": 1,
      "reachable_fail": 0
    },
    "3.168.102.81": {
      "first_seen": 1759396763.6264718,
      "last_seen": 1759396763.6264718,
      "success": 1,
      "fail": 0,
      "reachable_success": 1,
      "reachable_fail": 0
    },
    "1.1.1.1": {
      "first_seen": 1759397354.984339,
      "last_seen": 1759397354.984339,
      "success": 0,
      "fail": 1,
      "reachable_success": 0,
      "reachable_fail": 1
    }
  },
  "static3.cdn.ubi.com": {
    "23.196.49.60": {
      "first_seen": 1759394743.280557,
      "last_seen": 1759394743.280557,
      "success": 1,
      "fail": 0,
      "reachable_success": 1,
      "reachable_fail": 0
    },
    "23.54.41.64": {
      "first_seen": 1759396764.6634045,
      "last_seen": 1759396764.6634045,
      "success": 1,
      "fail": 0,
      "reachable_success": 1,
      "reachable_fail": 0
    },
    "1.1.1.1": {
      "first_seen": 1759397354.9864826,
      "last_seen": 1759397354.9864826,
      "success": 0,
      "fail": 1,
      "reachable_success": 0,
      "reachable_fail": 1
    }
  },
  "fortnite.com": {
    "75.101.241.48": {
      "first_seen": 1759394743.8266332,
      "last_seen": 1759396760.9585664,
      "success": 2,
      "fail": 0,
      "reachable_success": 2,
      "reachable_fail": 0
    },
    "1.1.1.1": {
      "first_seen": 1759397354.9885082,