{
  "help.steampowered.com": {
    "23.210.138.105": {
      "first_seen": 1759394735.7692678,
      "last_seen": 1759396756.302198,
      "success": 2,
      "fail": 0,
      "reachable_success": 2,
      "reachable_fail": 0
    }
  },
  "steamcommunity.com": {
    "23.210.138.105": {
      "first_seen": 1759394736.2968326,
      "last_seen": 1759396754.695963,
      "success": 2,
      "fail": 0,
      "reachable_success": 2,
      "reachable_fail": 0
    }
  },
  "store.steampowered.com": {
    "23.78.8.100": {
      "first_seen": 1759394736.8775933,
      "last_seen": 1759396757.3553896,
      "success": 2,
      "fail": 0,
      "reachable_success": 2,
      "reachable_fail": 0
    }
  },
  "api.steampowered.com": {
    "23.210.138.105": {
      "first_seen": 1759394737.422437,
      "last_seen": 1759396755.2157207,
      "success": 2,
      "fail": 0,
      "reachable_success": 2,
      "reachable_fail": 0
    }
  },
  "epicgames.com": {
    "34.192.41.153": {
      "first_seen": 1759394737.926905,
      "last_seen": 1759394737.926905,
      "success": 1,
      "fail": 0,
      "reachable_success": 1,
      "reachable_fail": 0
    },
    "35.169.179.193": {
      "first_seen": 1759396758.437493,
      "last_seen": 1759396758.437493,
      "success": 1,
      "fail": 0,
      "reachable_success": 1,
      "reachable_fail": 0
    }
  },
  "launcher-public-service-prod06.ol.epicgames.com": {
    "104.18.12.27": {
      "first_seen": 1759394738.3384144,
      "last_seen": 1759396754.2515533,
      "success": 2,
      "fail": 0,
      "reachable_success": 2,
      "reachable_fail": 0
    }
  },
  "steamstore-a.akamaihd.net": {
    "23.32.45.36": {
      "first_seen": 1759394738.8064206,
      "last_seen": 1759396756.7977343,
      "success": 2,
      "fail": 0,
      "reachable_success": 2,
      "reachable_fail": 0
    }
  },
  "steamuserimages-a.akamaihd.net": {
    "23.32.45.35": {
      "first_seen": 1759394739.3571484,
      "last_seen": 1759396757.9092143,
      "success": 2,
      "fail": 0,
      "reachable_success": 2,
      "reachable_fail": 0
    }
  },
  "steamcdn-a.akamaihd.net": {
    "23.201.34.174": {
      "first_seen": 1759394739.8907487,
      "last_seen": 1759394739.8907487,
      "success": 1,
      "fail": 0,
      "reachable_success": 1,
      "reachable_fail": 0
    },
    "23.54.76.44": {
      "first_seen": 1759396755.7580774,
      "last_seen": 1759396755.7580774,
      "success": 1,
      "fail": 0,
      "reachable_success": 1,
      "reachable_fail": 0
    }
  },
  "unrealengine.com": {
    "3.227.133.49": {
      "first_seen": 1759394740.418598,
      "last_seen": 1759396758.957067,
      "success": 2,
      "fail": 0,
      "reachable_success": 2,
      "reachable_fail": 0
    }
  },
  "easyanticheat.net": {
    "104.18.2.180": {
      "first_seen": 1759394740.8591957,
      "last_seen": 1759396759.4164886,
      "success": 2,
      "fail": 0,
      "reachable_success": 2,
      "reachable_fail": 0
    }
  },
  "origin.com": {
    "23.61.23.194": {
      "first_seen": 1759394741.3116949,
      "last_seen": 1759396759.8867862,
      "success": 2,
      "fail": 0,
      "reachable_success": 2,
      "reachable_fail": 0
    }
  },
  "ea.com": {
    "184.31.100.194": {
      "first_seen": 1759394741.8746684,
      "last_seen": 1759396761.483353,
      "success": 2,
      "fail": 0,
      "reachable_success": 2,
      "reachable_fail": 0
    }
  },
  "eaassets-a.akamaihd.net": {
    "23.32.45.25": {
      "first_seen": 1759394742.3846078,
      "last_seen": 1759396760.4254963,
      "success": 2,
      "fail": 0,
      "reachable_success": 2,
      "reachable_fail": 0
    }
  },
  "ubisoft.com": {
    "99.84.215.34": {
      "first_seen": 1759394742.844262,
      "last_seen": 1759394742.844262,
      "success": 1,
      "fail": 0,
      "reachable_success": 1,
      "reachable_fail": 0
    },
    "3.168.102.81": {
      "first_seen": 1759396763.6264718,
      "last_seen": 1759396763.6264718,
      "success": 1,
      "fail": 0,
      "reachable_success": 1,
      "reachable_fail": 0
    }
  },
  "static3.cdn.ubi.com": {
    "23.196.49.60": {
      "first_seen": 1759394743.280557,
      "last_seen": 1759394743.280557,
      "success": 1,
      "fail": 0,
      "reachable_success": 1,
      "reachable_fail": 0
    },
    "23.54.41.64": {
      "first_seen": 1759396764.6634045,
      "last_seen": 1759396764.6634045,
      "success": 1,
      "fail": 0,
      "reachable_success": 1,
      "reachable_fail": 0
    }
  },
  "fortnite.com": {
    "75.101.241.48": {
      "first_seen": 1759394743.8266332,
      "last_seen": 1759396760.9585664,
      "success": 2,
      "fail": 0,
      "reachable_success": 2,
      "reachable_fail": 0
    }
  },
  "ssl-lvlt.cdn.ea.com": {
    "8.8.8.8": {
      "first_seen": 1759394744.0893235,
      "last_seen": 1759396761.7631354,
      "success": 0,
      "fail": 2,
      "reachable_success": 0,
      "reachable_fail": 2
    }
  },
  "uplay.com": {
    "34.249.82.244": {
      "first_seen": 1759394745.9167464,
      "last_seen": 1759396765.1534033,
      "success": 2,
      "fail": 0,
      "reachable_success": 2,
      "reachable_fail": 0
    }
  },
  "ubi.com": {
    "3.95.49.241": {
      "first_seen": 1759394746.3685694,
      "last_seen": 1759396764.1187868,
      "success": 2,
      "fail": 0,
      "reachable_success": 2,
      "reachable_fail": 0
    }
  },
  "battle.net": {
    "166.117.214.166": {
      "first_seen": 1759394746.6821043,
      "last_seen": 1759396765.5798223,
      "success": 2,
      "fail": 0,
      "reachable_success": 2,
      "reachable_fail": 0
    }
  },
  "blizzard.com": {
    "166.117.114.163": {
      "first_seen": 1759394746.8301976,
      "last_seen": 1759396765.4387639,
      "success": 2,
      "fail": 0,
      "reachable_success": 2,
      "reachable_fail": 0
    }
  },
  "battlenet.com.cn": {
    "120.55.44.14": {
      "first_seen": 1759394746.968293,
      "last_seen": 1759396765.676189,
      "success": 2,
      "fail": 0,
      "reachable_success": 2,
      "reachable_fail": 0
    }
  },
  "blzstatic.cn": {
    "8.8.8.8": {
      "first_seen": 1759394747.0159986,
      "last_seen": 1759396765.719821,
      "success": 0,
      "fail": 2,
      "reachable_success": 0,
      "reachable_fail": 2
    }
  },
  "gog.com": {
    "151.101.193.55": {
      "first_seen": 1759394748.7761283,
      "last_seen": 1759396767.476596,
      "success": 2,
      "fail": 0,
      "reachable_success": 2,
      "reachable_fail": 0
    }
  },
  "gog-statics.com": {
    "8.8.8.8": {
      "first_seen": 1759394748.8837895,
      "last_seen": 1759396767.5982075,
      "success": 0,
      "fail": 2,
      "reachable_success": 0,
      "reachable_fail": 2
    }
  },
  "gogalaxy.com": {
    "77.79.249.112": {
      "first_seen": 1759394750.806525,
      "last_seen": 1759396769.51574,
      "success": 2,
      "fail": 0,
      "reachable_success": 2,
      "reachable_fail": 0
    }
  },
  "rockstargames.com": {
    "23.9.157.24": {
      "first_seen": 1759394751.3948042,
      "last_seen": 1759396770.1449242,
      "success": 2,
      "fail": 0,
      "reachable_success": 2,
      "reachable_fail": 0
    }
  },
  "socialclub.rockstargames.com": {
    "104.255.105.71": {
      "first_seen": 1759394751.9010339,
      "last_seen": 1759396770.6678193,
      "success": 2,
      "fail": 0,
      "reachable_success": 2,
      "reachable_fail": 0
    }
  }
}