{
  "help.steampowered.com": {
    "23.210.138.105": {
      "first_seen": 1759394735.7692678,
      "last_seen": 1759396756.302198,
      "success": 2,
      "fail": 0,
      "reachable_success": 2,
      "reachable_fail": 0
    },
    "1.1.1.1": {
      "first_seen": 1759397354.9555953,
      "last_seen": 1759397354.9555953,
      "success": 0,
      "fail": 1,
      "reachable_success": 0,
      "reachable_fail": 1
    },
    "23.214.233.226": {
      "first_seen": 1759400697.2266555,
      "last_seen": 1759400697.2266555,
      "success": 1,
      "fail": 0,
      "reachable_success": 1,
      "reachable_fail": 0
    },
    "23.1.47.193": {
      "first_seen": 1759403987.379504,
      "last_seen": 1759403987.379504,
      "success": 1,
      "fail": 0,
      "reachable_success": 1,
      "reachable_fail": 0
    }
  },
  "steamcommunity.com": {
    "23.210.138.105": {
      "first_seen": 1759394736.2968326,
      "last_seen": 1759396754.695963,
      "success": 2,
      "fail": 0,
      "reachable_success": 2,
      "reachable_fail": 0
    },
    "1.1.1.1": {
      "first_seen": 1759397354.9501293,
      "last_seen": 1759403987.34099,
      "success": 0,
      "fail": 2,
      "reachable_success": 0,
      "reachable_fail": 2
    },
    "23.214.233.226": {
      "first_seen": 1759400697.2451956,
      "last_seen": 1759400697.2451956,
      "success": 1,
      "fail": 0,
      "reachable_success": 1,
      "reachable_fail": 0
    }
  },
  "store.steampowered.com": {
    "23.78.8.100": {
      "first_seen": 1759394736.8775933,
      "last_seen": 1759396757.3553896,
      "success": 2,
      "fail": 0,
      "reachable_success": 2,
      "reachable_fail": 0
    },
    "104.99.49.179": {
      "first_seen": 1759397354.9695866,
      "last_seen": 1759397354.9695866,
      "success": 1,
      "fail": 0,
      "reachable_success": 1,
      "reachable_fail": 0
    },
    "23.202.153.171": {
      "first_seen": 1759400697.1484892,
      "last_seen": 1759403987.3455777,
      "success": 2,
      "fail": 0,
      "reachable_success": 2,
      "reachable_fail": 0
    }
  },
  "api.steampowered.com": {
    "23.210.138.105": {
      "first_seen": 1759394737.422437,
      "last_seen": 1759396755.2157207,
      "success": 2,
      "fail": 0,
      "reachable_success": 2,
      "reachable_fail": 0
    },
    "104.68.104.163": {
      "first_seen": 1759397354.9624238,
      "last_seen": 1759397354.9624238,
      "success": 1,
      "fail": 0,
      "reachable_success": 1,
      "reachable_fail": 0
    },
    "1.1.1.1": {
      "first_seen": 1759400697.233106,
      "last_seen": 1759400697.233106,
      "success": 0,
      "fail": 1,
      "reachable_success": 0,
      "reachable_fail": 1
    },
    "23.214.233.226": {
      "first_seen": 1759403987.364311,
      "last_seen": 1759403987.364311,
      "success": 1,
      "fail": 0,
      "reachable_success": 1,
      "reachable_fail": 0
    }
  },
  "epicgames.com": {
    "34.192.41.153": {
      "first_seen": 1759394737.926905,
      "last_seen": 1759403987.3548467,
      "success": 2,
      "fail": 0,
      "reachable_success": 2,
      "reachable_fail": 0
    },
    "35.169.179.193": {
      "first_seen": 1759396758.437493,
      "last_seen": 1759396758.437493,
      "success": 1,
      "fail": 0,
      "reachable_success": 1,
      "reachable_fail": 0
    },
    "1.1.1.1": {
      "first_seen": 1759397354.9714713,
      "last_seen": 1759397354.9714713,
      "success": 0,
      "fail": 1,
      "reachable_success": 0,
      "reachable_fail": 1
    },
    "75.101.241.48": {
      "first_seen": 1759400697.1361284,
      "last_seen": 1759400697.1361284,
      "success": 1,
      "fail": 0,
      "reachable_success": 1,
      "reachable_fail": 0
    }
  },
  "launcher-public-service-prod06.ol.epicgames.com": {
    "104.18.12.27": {
      "first_seen": 1759394738.3384144,
      "last_seen": 1759396754.2515533,
      "success": 2,
      "fail": 0,
      "reachable_success": 2,
      "reachable_fail": 0
    },
    "1.1.1.1": {
      "first_seen": 1759397354.9479163,
      "last_seen": 1759397354.9479163,
      "success": 0,
      "fail": 1,
      "reachable_success": 0,
      "reachable_fail": 1
    },
    "104.18.13.27": {
      "first_seen": 1759400697.1966953,
      "last_seen": 1759403987.3836331,
      "success": 2,
      "fail": 0,
      "reachable_success": 2,
      "reachable_fail": 0
    }
  },
  "steamstore-a.akamaihd.net": {
    "23.32.45.36": {
      "first_seen": 1759394738.8064206,
      "last_seen": 1759396756.7977343,
      "success": 2,
      "fail": 0,
      "reachable_success": 2,
      "reachable_fail": 0
    },
    "1.1.1.1": {
      "first_seen": 1759397354.964536,
      "last_seen": 1759397354.964536,
      "success": 0,
      "fail": 1,
      "reachable_success": 0,
      "reachable_fail": 1
    },
    "2.18.67.81": {
      "first_seen": 1759400697.1727204,
      "last_seen": 1759400697.1727204,
      "success": 1,
      "fail": 0,
      "reachable_success": 1,
      "reachable_fail": 0
    },
    "23.215.0.231": {
      "first_seen": 1759403987.3502865,
      "last_seen": 1759403987.3502865,
      "success": 1,
      "fail": 0,
      "reachable_success": 1,
      "reachable_fail": 0
    }
  },
  "steamuserimages-a.akamaihd.net": {
    "23.32.45.35": {
      "first_seen": 1759394739.3571484,
      "last_seen": 1759396757.9092143,
      "success": 2,
      "fail": 0,
      "reachable_success": 2,
      "reachable_fail": 0
    },
    "23.67.33.85": {
      "first_seen": 1759397354.9536617,
      "last_seen": 1759397354.9536617,
      "success": 1,
      "fail": 0,
      "reachable_success": 1,
      "reachable_fail": 0
    },
    "2.18.67.70": {
      "first_seen": 1759400697.1846294,
      "last_seen": 1759400697.1846294,
      "success": 1,
      "fail": 0,
      "reachable_success": 1,
      "reachable_fail": 0
    },
    "2.18.67.79": {
      "first_seen": 1759403987.3902879,
      "last_seen": 1759403987.3902879,
      "success": 1,
      "fail": 0,
      "reachable_success": 1,
      "reachable_fail": 0
    }
  },
  "steamcdn-a.akamaihd.net": {
    "23.201.34.174": {
      "first_seen": 1759394739.8907487,
      "last_seen": 1759394739.8907487,
      "success": 1,
      "fail": 0,
      "reachable_success": 1,
      "reachable_fail": 0
    },
    "23.54.76.44": {
      "first_seen": 1759396755.7580774,
      "last_seen": 1759396755.7580774,
      "success": 1,
      "fail": 0,
      "reachable_success": 1,
      "reachable_fail": 0
    },
    "104.79.0.49": {
      "first_seen": 1759397354.9588661,
      "last_seen": 1759397354.9588661,
      "success": 1,
      "fail": 0,
      "reachable_success": 1,
      "reachable_fail": 0
    },
    "23.215.0.133": {
      "first_seen": 1759400697.1607177,
      "last_seen": 1759400697.1607177,
      "success": 1,
      "fail": 0,
      "reachable_success": 1,
      "reachable_fail": 0
    },
    "1.1.1.1": {
      "first_seen": 1759403987.3861945,
      "last_seen": 1759403987.3861945,
      "success": 0,
      "fail": 1,
      "reachable_success": 0,
      "reachable_fail": 1
    }
  },
  "unrealengine.com": {
    "3.227.133.49": {
      "first_seen": 1759394740.418598,
      "last_seen": 1759403987.3595986,
      "success": 4,
      "fail": 0,
      "reachable_success": 4,
      "reachable_fail": 0
    },
    "1.1.1.1": {
      "first_seen": 1759397354.966533,
      "last_seen": 1759397354.966533,
      "success": 0,
      "fail": 1,
      "reachable_success": 0,
      "reachable_fail": 1
    }
  },
  "easyanticheat.net": {
    "104.18.2.180": {
      "first_seen": 1759394740.8591957,
      "last_seen": 1759400697.2572978,
      "success": 3,
      "fail": 0,
      "reachable_success": 3,
      "reachable_fail": 0
    },
    "104.18.3.180": {
      "first_seen": 1759397354.975171,
      "last_seen": 1759403987.394316,
      "success": 2,
      "fail": 0,
      "reachable_success": 2,
      "reachable_fail": 0
    }
  },